customer_id,first_name,last_name,email,country,segment,signup_year,is_active
1,Henry,Wilson,henry.wilson1@example.com,Japan,Basic,2023,1
2,Frank,Brown,frank.brown2@example.com,Brazil,Basic,2022,1
3,David,Miller,david.miller3@example.com,China,Standard,2024,1
4,David,Wilson,david.wilson4@example.com,Germany,Standard,2021,0
5,Frank,Davis,frank.davis5@example.com,China,Basic,2024,1
6,Grace,Moore,grace.moore6@example.com,USA,Basic,2022,1
7,Iris,Wilson,iris.wilson7@example.com,France,Premium,2024,1
8,Jack,Williams,jack.williams8@example.com,France,Basic,2021,1
9,David,Smith,david.smith9@example.com,France,Basic,2024,1
10,Alice,Johnson,alice.johnson10@example.com,Canada,Standard,2023,1
11,Alice,Brown,alice.brown11@example.com,Australia,Standard,2023,1
12,Emma,Moore,emma.moore12@example.com,USA,Premium,2021,1
13,Grace,Johnson,grace.johnson13@example.com,UK,Premium,2021,1
14,Iris,Johnson,iris.johnson14@example.com,France,Basic,2022,1
15,Henry,Miller,henry.miller15@example.com,Australia,Basic,2023,1
16,Bob,Moore,bob.moore16@example.com,Japan,Premium,2023,1
17,Iris,Anderson,iris.anderson17@example.com,Canada,Basic,2024,0
18,Bob,Johnson,bob.johnson18@example.com,Japan,Premium,2022,1
19,Grace,Taylor,grace.taylor19@example.com,Canada,Premium,2022,1
20,David,Smith,david.smith20@example.com,China,Basic,2020,1
21,Emma,Wilson,emma.wilson21@example.com,India,Basic,2022,1
22,Bob,Miller,bob.miller22@example.com,Germany,Basic,2023,1
23,Jack,Moore,jack.moore23@example.com,Canada,Premium,2022,0
24,David,Taylor,david.taylor24@example.com,France,Basic,2022,1
25,Alice,Johnson,alice.johnson25@example.com,Japan,Standard,2024,1
26,Bob,Davis,bob.davis26@example.com,Germany,Standard,2022,1
27,David,Smith,david.smith27@example.com,UK,Premium,2022,1
28,Frank,Brown,frank.brown28@example.com,France,Standard,2021,1
29,Henry,Wilson,henry.wilson29@example.com,Australia,Standard,2023,1
30,Frank,Miller,frank.miller30@example.com,USA,Basic,2020,1
31,Grace,Williams,grace.williams31@example.com,USA,Standard,2022,1
32,Bob,Moore,bob.moore32@example.com,Canada,Standard,2020,1
33,Frank,Anderson,frank.anderson33@example.com,Canada,Premium,2023,1
34,Emma,Taylor,emma.taylor34@example.com,Canada,Premium,2021,0
35,Henry,Moore,henry.moore35@example.com,UK,Basic,2024,1
36,Bob,Wilson,bob.wilson36@example.com,Canada,Premium,2020,1
37,Iris,Miller,iris.miller37@example.com,France,Standard,2022,1
38,Bob,Miller,bob.miller38@example.com,Australia,Premium,2022,1
39,Bob,Taylor,bob.taylor39@example.com,UK,Standard,2024,1
40,Emma,Johnson,emma.johnson40@example.com,France,Basic,2022,1
41,Grace,Anderson,grace.anderson41@example.com,China,Basic,2020,1
42,Bob,Taylor,bob.taylor42@example.com,Australia,Premium,2021,1
43,Henry,Moore,henry.moore43@example.com,France,Basic,2022,0
44,Frank,Miller,frank.miller44@example.com,Brazil,Basic,2023,1
45,Frank,Taylor,frank.taylor45@example.com,Canada,Basic,2020,1
46,Frank,Miller,frank.miller46@example.com,France,Standard,2020,1
47,Henry,Moore,henry.moore47@example.com,Australia,Premium,2023,1
48,Bob,Anderson,bob.anderson48@example.com,Canada,Standard,2022,1
49,Jack,Anderson,jack.anderson49@example.com,UK,Standard,2023,1
50,David,Miller,david.miller50@example.com,Japan,Standard,2021,1
51,Alice,Smith,alice.smith51@example.com,UK,Standard,2020,0
52,Grace,Williams,grace.williams52@example.com,Canada,Premium,2023,1
53,David,Johnson,david.johnson53@example.com,Japan,Standard,2020,0
54,Iris,Wilson,iris.wilson54@example.com,India,Premium,2020,1
55,David,Brown,david.brown55@example.com,China,Standard,2021,1
56,Iris,Miller,iris.miller56@example.com,UK,Basic,2022,1
57,Alice,Davis,alice.davis57@example.com,China,Premium,2024,0
58,Grace,Wilson,grace.wilson58@example.com,Australia,Standard,2021,1
59,Carol,Davis,carol.davis59@example.com,Japan,Premium,2021,1
60,Henry,Smith,henry.smith60@example.com,China,Standard,2024,1
61,Iris,Davis,iris.davis61@example.com,Brazil,Premium,2023,1
62,Grace,Johnson,grace.johnson62@example.com,Germany,Standard,2021,1
63,Jack,Davis,jack.davis63@example.com,Japan,Premium,2023,1
64,Grace,Johnson,grace.johnson64@example.com,India,Standard,2023,1
65,David,Taylor,david.taylor65@example.com,France,Premium,2022,1
66,Bob,Miller,bob.miller66@example.com,France,Basic,2020,1
67,David,Wilson,david.wilson67@example.com,Germany,Basic,2022,1
68,Alice,Johnson,alice.johnson68@example.com,UK,Standard,2020,1
69,Emma,Taylor,emma.taylor69@example.com,USA,Basic,2022,1
70,Henry,Taylor,henry.taylor70@example.com,France,Premium,2024,0
71,Carol,Williams,carol.williams71@example.com,Germany,Standard,2020,1
72,Iris,Anderson,iris.anderson72@example.com,Australia,Standard,2023,1
73,Carol,Davis,carol.davis73@example.com,UK,Standard,2021,1
74,Jack,Williams,jack.williams74@example.com,Japan,Basic,2020,1
75,Grace,Davis,grace.davis75@example.com,Brazil,Premium,2021,1
76,Henry,Wilson,henry.wilson76@example.com,UK,Basic,2020,1
77,Alice,Miller,alice.miller77@example.com,Brazil,Premium,2024,0
78,Jack,Wilson,jack.wilson78@example.com,Brazil,Premium,2020,1
79,Iris,Miller,iris.miller79@example.com,China,Standard,2022,1
80,Iris,Williams,iris.williams80@example.com,Germany,Premium,2023,1
81,Jack,Brown,jack.brown81@example.com,Germany,Standard,2023,1
82,David,Miller,david.miller82@example.com,UK,Basic,2023,1
83,Carol,Miller,carol.miller83@example.com,Australia,Premium,2023,1
84,Carol,Smith,carol.smith84@example.com,Japan,Basic,2022,1
85,Grace,Miller,grace.miller85@example.com,France,Standard,2021,0
86,Frank,Wilson,frank.wilson86@example.com,China,Basic,2022,1
87,Frank,Anderson,frank.anderson87@example.com,France,Premium,2020,1
88,Jack,Brown,jack.brown88@example.com,UK,Standard,2023,1
89,Carol,Anderson,carol.anderson89@example.com,France,Standard,2020,1
90,Frank,Wilson,frank.wilson90@example.com,Canada,Basic,2020,1
91,Emma,Johnson,emma.johnson91@example.com,France,Basic,2022,1
92,Grace,Williams,grace.williams92@example.com,China,Premium,2024,1
93,Henry,Moore,henry.moore93@example.com,Japan,Basic,2023,1
94,Iris,Johnson,iris.johnson94@example.com,India,Basic,2022,0
95,Grace,Wilson,grace.wilson95@example.com,Australia,Basic,2023,1
96,Iris,Wilson,iris.wilson96@example.com,USA,Premium,2021,1
97,Carol,Anderson,carol.anderson97@example.com,Australia,Premium,2023,1
98,Frank,Williams,frank.williams98@example.com,France,Basic,2024,1
99,Grace,Williams,grace.williams99@example.com,Brazil,Standard,2024,1
100,David,Johnson,david.johnson100@example.com,Japan,Basic,2024,1
101,Emma,Miller,emma.miller101@example.com,China,Basic,2022,1
102,Emma,Johnson,emma.johnson102@example.com,India,Premium,2021,1
103,Iris,Wilson,iris.wilson103@example.com,Australia,Premium,2023,1
104,Henry,Brown,henry.brown104@example.com,China,Premium,2022,1
105,Frank,Williams,frank.williams105@example.com,Canada,Standard,2021,1
106,Emma,Taylor,emma.taylor106@example.com,Canada,Standard,2022,1
107,Alice,Miller,alice.miller107@example.com,Germany,Premium,2021,1
108,Bob,Williams,bob.williams108@example.com,Australia,Basic,2022,1
109,Iris,Anderson,iris.anderson109@example.com,China,Premium,2022,0
110,Grace,Smith,grace.smith110@example.com,Brazil,Standard,2024,1
111,Bob,Williams,bob.williams111@example.com,USA,Standard,2020,1
112,Henry,Williams,henry.williams112@example.com,Brazil,Basic,2023,1
113,Bob,Brown,bob.brown113@example.com,Brazil,Standard,2021,1
114,Bob,Brown,bob.brown114@example.com,UK,Standard,2024,1
115,Bob,Moore,bob.moore115@example.com,China,Basic,2024,1
116,Emma,Davis,emma.davis116@example.com,USA,Premium,2023,1
117,David,Taylor,david.taylor117@example.com,Australia,Standard,2021,1
118,Grace,Wilson,grace.wilson118@example.com,Brazil,Standard,2021,1
119,Frank,Taylor,frank.taylor119@example.com,UK,Basic,2021,1
120,David,Wilson,david.wilson120@example.com,Brazil,Premium,2024,1
121,David,Johnson,david.johnson121@example.com,Brazil,Premium,2024,1
122,Emma,Taylor,emma.taylor122@example.com,France,Premium,2021,1
123,Jack,Miller,jack.miller123@example.com,Australia,Standard,2020,1
124,Iris,Moore,iris.moore124@example.com,India,Basic,2021,1
125,Emma,Davis,emma.davis125@example.com,Australia,Premium,2022,1
126,Carol,Miller,carol.miller126@example.com,India,Standard,2021,1
127,Alice,Miller,alice.miller127@example.com,Japan,Premium,2024,1
128,Bob,Davis,bob.davis128@example.com,China,Basic,2022,1
129,Frank,Anderson,frank.anderson129@example.com,Japan,Premium,2022,0
130,Emma,Taylor,emma.taylor130@example.com,France,Basic,2020,1
131,Bob,Miller,bob.miller131@example.com,Canada,Premium,2024,1
132,Emma,Brown,emma.brown132@example.com,China,Premium,2021,0
133,Alice,Taylor,alice.taylor133@example.com,UK,Basic,2024,1
134,Carol,Anderson,carol.anderson134@example.com,Canada,Basic,2022,0
135,Emma,Moore,emma.moore135@example.com,USA,Basic,2021,1
136,Emma,Wilson,emma.wilson136@example.com,Germany,Basic,2020,1
137,Grace,Williams,grace.williams137@example.com,UK,Premium,2024,1
138,Carol,Davis,carol.davis138@example.com,India,Basic,2020,1
139,Jack,Williams,jack.williams139@example.com,China,Premium,2020,0
140,Jack,Smith,jack.smith140@example.com,UK,Premium,2020,1
141,Bob,Anderson,bob.anderson141@example.com,Australia,Standard,2020,1
142,David,Wilson,david.wilson142@example.com,China,Standard,2022,1
143,Grace,Anderson,grace.anderson143@example.com,Brazil,Premium,2021,1
144,Frank,Williams,frank.williams144@example.com,Canada,Premium,2024,0
145,Henry,Moore,henry.moore145@example.com,Japan,Premium,2020,0
146,Henry,Brown,henry.brown146@example.com,France,Premium,2023,1
147,Bob,Taylor,bob.taylor147@example.com,France,Basic,2022,1
148,Henry,Williams,henry.williams148@example.com,India,Basic,2020,1
149,Grace,Moore,grace.moore149@example.com,Japan,Basic,2021,1
150,David,Anderson,david.anderson150@example.com,Canada,Standard,2020,1
151,Bob,Brown,bob.brown151@example.com,USA,Premium,2023,1
152,Alice,Anderson,alice.anderson152@example.com,India,Standard,2020,1
153,David,Johnson,david.johnson153@example.com,Japan,Standard,2023,1
154,Jack,Taylor,jack.taylor154@example.com,Australia,Basic,2024,1
155,Jack,Miller,jack.miller155@example.com,China,Basic,2020,1
156,Henry,Smith,henry.smith156@example.com,China,Premium,2021,1
157,David,Moore,david.moore157@example.com,France,Premium,2022,1
158,Emma,Wilson,emma.wilson158@example.com,UK,Premium,2021,1
159,Alice,Moore,alice.moore159@example.com,France,Basic,2022,0
160,Frank,Wilson,frank.wilson160@example.com,Canada,Standard,2021,1
161,Jack,Brown,jack.brown161@example.com,Germany,Standard,2023,1
162,Emma,Anderson,emma.anderson162@example.com,Japan,Standard,2020,1
163,Iris,Brown,iris.brown163@example.com,India,Standard,2023,1
164,David,Taylor,david.taylor164@example.com,Australia,Premium,2024,0
165,Jack,Wilson,jack.wilson165@example.com,China,Basic,2020,1
166,Frank,Taylor,frank.taylor166@example.com,UK,Standard,2024,1
167,Grace,Moore,grace.moore167@example.com,Japan,Basic,2020,1
168,Bob,Anderson,bob.anderson168@example.com,Australia,Basic,2024,0
169,Iris,Miller,iris.miller169@example.com,Brazil,Premium,2020,1
170,Emma,Moore,emma.moore170@example.com,France,Basic,2020,1
171,Henry,Brown,henry.brown171@example.com,India,Standard,2021,1
172,David,Davis,david.davis172@example.com,Canada,Standard,2022,1
173,Henry,Miller,henry.miller173@example.com,USA,Standard,2021,1
174,Jack,Davis,jack.davis174@example.com,France,Premium,2020,1
175,Alice,Smith,alice.smith175@example.com,USA,Standard,2022,1
176,Henry,Miller,henry.miller176@example.com,USA,Basic,2021,1
177,Henry,Johnson,henry.johnson177@example.com,Canada,Standard,2024,1
178,Bob,Miller,bob.miller178@example.com,Brazil,Premium,2022,1
179,Jack,Moore,jack.moore179@example.com,USA,Basic,2023,1
180,Iris,Taylor,iris.taylor180@example.com,China,Premium,2023,1
181,Frank,Anderson,frank.anderson181@example.com,Japan,Premium,2024,1
182,Iris,Anderson,iris.anderson182@example.com,Germany,Basic,2023,1
183,Henry,Smith,henry.smith183@example.com,Germany,Standard,2021,1
184,Iris,Moore,iris.moore184@example.com,UK,Premium,2024,1
185,Jack,Miller,jack.miller185@example.com,Brazil,Premium,2020,1
186,Jack,Wilson,jack.wilson186@example.com,India,Standard,2024,1
187,Emma,Moore,emma.moore187@example.com,Germany,Standard,2023,1
188,Grace,Wilson,grace.wilson188@example.com,Germany,Basic,2022,1
189,Henry,Miller,henry.miller189@example.com,Canada,Basic,2024,0
190,Bob,Davis,bob.davis190@example.com,Germany,Basic,2024,1
191,Carol,Brown,carol.brown191@example.com,Germany,Premium,2022,1
192,David,Miller,david.miller192@example.com,Australia,Standard,2022,1
193,Emma,Moore,emma.moore193@example.com,China,Standard,2020,1
194,Alice,Davis,alice.davis194@example.com,India,Standard,2020,1
195,Emma,Williams,emma.williams195@example.com,Japan,Premium,2020,1
196,David,Moore,david.moore196@example.com,USA,Premium,2020,1
197,Emma,Smith,emma.smith197@example.com,UK,Basic,2023,1
198,Jack,Johnson,jack.johnson198@example.com,Australia,Basic,2023,1
199,Iris,Moore,iris.moore199@example.com,France,Standard,2022,1
200,Jack,Williams,jack.williams200@example.com,China,Premium,2023,1
201,Jack,Taylor,jack.taylor201@example.com,Germany,Basic,2020,1
202,David,Brown,david.brown202@example.com,India,Basic,2024,0
203,Henry,Miller,henry.miller203@example.com,France,Standard,2020,1
204,Carol,Anderson,carol.anderson204@example.com,Australia,Basic,2023,1
205,Bob,Johnson,bob.johnson205@example.com,Japan,Premium,2022,1
206,Alice,Brown,alice.brown206@example.com,France,Basic,2020,1
207,Frank,Moore,frank.moore207@example.com,France,Standard,2020,1
208,Grace,Taylor,grace.taylor208@example.com,India,Standard,2020,1
209,Alice,Williams,alice.williams209@example.com,USA,Premium,2022,0
210,Frank,Taylor,frank.taylor210@example.com,China,Premium,2022,0
211,Iris,Miller,iris.miller211@example.com,Australia,Premium,2022,1
212,Carol,Moore,carol.moore212@example.com,USA,Premium,2022,1
213,Jack,Moore,jack.moore213@example.com,Japan,Basic,2024,1
214,Henry,Johnson,henry.johnson214@example.com,Canada,Basic,2021,0
215,Frank,Miller,frank.miller215@example.com,Japan,Premium,2022,1
216,Frank,Brown,frank.brown216@example.com,USA,Standard,2021,1
217,Frank,Brown,frank.brown217@example.com,Canada,Standard,2023,1
218,Bob,Moore,bob.moore218@example.com,India,Premium,2020,0
219,Henry,Miller,henry.miller219@example.com,Brazil,Standard,2020,0
220,Iris,Anderson,iris.anderson220@example.com,France,Basic,2024,1
221,Bob,Williams,bob.williams221@example.com,Germany,Premium,2024,1
222,Grace,Brown,grace.brown222@example.com,UK,Basic,2020,1
223,Jack,Brown,jack.brown223@example.com,India,Premium,2024,1
224,Carol,Williams,carol.williams224@example.com,India,Standard,2021,1
225,Jack,Johnson,jack.johnson225@example.com,Japan,Basic,2023,1
226,Frank,Davis,frank.davis226@example.com,Canada,Premium,2022,1
227,Carol,Smith,carol.smith227@example.com,France,Premium,2024,1
228,Iris,Johnson,iris.johnson228@example.com,Japan,Basic,2020,1
229,Iris,Moore,iris.moore229@example.com,Brazil,Premium,2020,1
230,Alice,Smith,alice.smith230@example.com,Japan,Standard,2023,1
231,Henry,Wilson,henry.wilson231@example.com,USA,Standard,2023,1
232,Henry,Wilson,henry.wilson232@example.com,USA,Basic,2021,1
233,Iris,Brown,iris.brown233@example.com,UK,Standard,2024,1
234,Alice,Taylor,alice.taylor234@example.com,UK,Standard,2021,1
235,Iris,Davis,iris.davis235@example.com,UK,Standard,2024,1
236,Frank,Brown,frank.brown236@example.com,India,Standard,2023,1
237,Emma,Miller,emma.miller237@example.com,UK,Standard,2023,1
238,Jack,Taylor,jack.taylor238@example.com,China,Standard,2024,1
239,Carol,Johnson,carol.johnson239@example.com,Canada,Basic,2024,1
240,Frank,Williams,frank.williams240@example.com,France,Basic,2020,1
241,Grace,Moore,grace.moore241@example.com,UK,Basic,2022,1
242,Iris,Wilson,iris.wilson242@example.com,Brazil,Standard,2023,1
243,Frank,Davis,frank.davis243@example.com,Japan,Standard,2020,1
244,Bob,Wilson,bob.wilson244@example.com,USA,Standard,2021,1
245,Henry,Johnson,henry.johnson245@example.com,Australia,Standard,2024,1
246,Alice,Anderson,alice.anderson246@example.com,Japan,Premium,2021,1
247,Alice,Taylor,alice.taylor247@example.com,Japan,Premium,2024,1
248,David,Johnson,david.johnson248@example.com,China,Standard,2023,1
249,David,Brown,david.brown249@example.com,Australia,Standard,2021,1
250,Carol,Smith,carol.smith250@example.com,China,Premium,2024,1
251,Iris,Moore,iris.moore251@example.com,UK,Premium,2023,0
252,Emma,Johnson,emma.johnson252@example.com,Brazil,Premium,2020,1
253,Frank,Wilson,frank.wilson253@example.com,USA,Standard,2021,0
254,Carol,Williams,carol.williams254@example.com,Germany,Basic,2024,0
255,Alice,Williams,alice.williams255@example.com,Brazil,Basic,2021,1
256,Carol,Wilson,carol.wilson256@example.com,Brazil,Basic,2020,1
257,Bob,Johnson,bob.johnson257@example.com,UK,Standard,2022,1
258,Grace,Moore,grace.moore258@example.com,Germany,Premium,2022,1
259,Jack,Miller,jack.miller259@example.com,Canada,Premium,2022,1
260,Frank,Johnson,frank.johnson260@example.com,India,Standard,2021,0
261,Carol,Anderson,carol.anderson261@example.com,USA,Basic,2022,1
262,Carol,Miller,carol.miller262@example.com,Germany,Basic,2023,1
263,Bob,Smith,bob.smith263@example.com,India,Basic,2023,1
264,Henry,Smith,henry.smith264@example.com,Brazil,Basic,2021,1
265,Bob,Smith,bob.smith265@example.com,Germany,Basic,2020,1
266,David,Moore,david.moore266@example.com,China,Standard,2023,1
267,David,Wilson,david.wilson267@example.com,Germany,Standard,2022,1
268,David,Moore,david.moore268@example.com,USA,Standard,2022,1
269,David,Moore,david.moore269@example.com,China,Basic,2020,1
270,Grace,Davis,grace.davis270@example.com,Brazil,Premium,2023,1
271,David,Williams,david.williams271@example.com,Australia,Standard,2024,1
272,Iris,Davis,iris.davis272@example.com,Japan,Standard,2024,1
273,Alice,Moore,alice.moore273@example.com,Japan,Basic,2024,1
274,Henry,Anderson,henry.anderson274@example.com,France,Premium,2022,1
275,Grace,Anderson,grace.anderson275@example.com,Canada,Basic,2020,1
276,Emma,Moore,emma.moore276@example.com,USA,Basic,2024,1
277,Iris,Anderson,iris.anderson277@example.com,India,Premium,2024,1
278,David,Williams,david.williams278@example.com,UK,Basic,2020,1
279,Bob,Anderson,bob.anderson279@example.com,Australia,Premium,2024,1
280,Frank,Williams,frank.williams280@example.com,USA,Premium,2024,1
281,Frank,Moore,frank.moore281@example.com,Germany,Premium,2020,1
282,Emma,Johnson,emma.johnson282@example.com,India,Standard,2022,1
283,Alice,Taylor,alice.taylor283@example.com,India,Standard,2024,1
284,Henry,Smith,henry.smith284@example.com,Japan,Standard,2020,1
285,David,Williams,david.williams285@example.com,UK,Premium,2021,1
286,Frank,Taylor,frank.taylor286@example.com,UK,Basic,2023,1
287,Bob,Brown,bob.brown287@example.com,China,Basic,2024,1
288,Bob,Williams,bob.williams288@example.com,Australia,Standard,2020,1
289,Henry,Moore,henry.moore289@example.com,Brazil,Premium,2020,1
290,Emma,Moore,emma.moore290@example.com,UK,Basic,2022,1
291,Grace,Brown,grace.brown291@example.com,China,Standard,2022,1
292,Iris,Miller,iris.miller292@example.com,Japan,Basic,2023,1
293,Alice,Smith,alice.smith293@example.com,USA,Premium,2023,1
294,Bob,Miller,bob.miller294@example.com,France,Premium,2023,1
295,David,Anderson,david.anderson295@example.com,China,Standard,2020,1
296,Carol,Anderson,carol.anderson296@example.com,Germany,Basic,2020,0
297,Frank,Anderson,frank.anderson297@example.com,Australia,Premium,2021,1
298,Carol,Williams,carol.williams298@example.com,Japan,Premium,2021,1
299,Frank,Anderson,frank.anderson299@example.com,Japan,Basic,2023,1
300,Henry,Brown,henry.brown300@example.com,Brazil,Standard,2024,1
301,Emma,Anderson,emma.anderson301@example.com,USA,Basic,2020,1
302,Carol,Anderson,carol.anderson302@example.com,Brazil,Standard,2024,1
303,Carol,Taylor,carol.taylor303@example.com,France,Basic,2024,1
304,Jack,Taylor,jack.taylor304@example.com,Germany,Standard,2020,1
305,Alice,Moore,alice.moore305@example.com,China,Premium,2023,1
306,Henry,Anderson,henry.anderson306@example.com,UK,Basic,2024,1
307,Frank,Taylor,frank.taylor307@example.com,China,Basic,2024,1
308,Iris,Taylor,iris.taylor308@example.com,Brazil,Premium,2021,1
309,Jack,Johnson,jack.johnson309@example.com,Germany,Premium,2020,1
310,Frank,Miller,frank.miller310@example.com,UK,Premium,2024,1
311,Alice,Smith,alice.smith311@example.com,France,Premium,2024,1
312,Carol,Davis,carol.davis312@example.com,India,Basic,2021,0
313,Carol,Brown,carol.brown313@example.com,China,Basic,2022,0
314,Alice,Brown,alice.brown314@example.com,USA,Standard,2024,0
315,Henry,Williams,henry.williams315@example.com,Japan,Standard,2022,0
316,Bob,Taylor,bob.taylor316@example.com,Brazil,Standard,2024,1
317,Emma,Wilson,emma.wilson317@example.com,Brazil,Basic,2020,1
318,Jack,Miller,jack.miller318@example.com,Germany,Premium,2024,1
319,Iris,Anderson,iris.anderson319@example.com,Germany,Premium,2020,1
320,Grace,Taylor,grace.taylor320@example.com,Australia,Standard,2022,0
321,Alice,Smith,alice.smith321@example.com,UK,Basic,2020,1
322,Bob,Taylor,bob.taylor322@example.com,Brazil,Basic,2021,1
323,David,Smith,david.smith323@example.com,Germany,Premium,2022,1
324,Alice,Smith,alice.smith324@example.com,India,Basic,2022,1
325,Carol,Taylor,carol.taylor325@example.com,India,Basic,2022,1
326,Alice,Smith,alice.smith326@example.com,Germany,Standard,2024,1
327,Jack,Miller,jack.miller327@example.com,Germany,Basic,2023,1
328,Bob,Wilson,bob.wilson328@example.com,UK,Standard,2021,1
329,Grace,Miller,grace.miller329@example.com,Australia,Basic,2023,1
330,Jack,Moore,jack.moore330@example.com,Japan,Basic,2022,1
331,Carol,Johnson,carol.johnson331@example.com,Australia,Standard,2021,1
332,Emma,Brown,emma.brown332@example.com,Brazil,Standard,2020,1
333,Jack,Smith,jack.smith333@example.com,Japan,Premium,2024,1
334,Jack,Miller,jack.miller334@example.com,Brazil,Standard,2024,1
335,Henry,Brown,henry.brown335@example.com,USA,Premium,2022,0
336,Jack,Smith,jack.smith336@example.com,Japan,Standard,2024,1
337,Carol,Wilson,carol.wilson337@example.com,Japan,Standard,2022,1
338,Emma,Williams,emma.williams338@example.com,Australia,Standard,2022,1
339,Emma,Anderson,emma.anderson339@example.com,China,Premium,2021,1
340,David,Anderson,david.anderson340@example.com,France,Basic,2022,1
341,Alice,Miller,alice.miller341@example.com,Canada,Standard,2022,1
342,Bob,Davis,bob.davis342@example.com,UK,Premium,2020,0
343,David,Anderson,david.anderson343@example.com,Germany,Basic,2021,1
344,David,Brown,david.brown344@example.com,Brazil,Basic,2021,1
345,Frank,Williams,frank.williams345@example.com,China,Standard,2020,1
346,Henry,Johnson,henry.johnson346@example.com,France,Standard,2020,1
347,Frank,Davis,frank.davis347@example.com,USA,Standard,2021,0
348,Iris,Williams,iris.williams348@example.com,Germany,Premium,2024,1
349,Emma,Wilson,emma.wilson349@example.com,France,Basic,2020,1
350,Alice,Johnson,alice.johnson350@example.com,Germany,Basic,2023,1
351,David,Brown,david.brown351@example.com,Germany,Premium,2021,1
352,Iris,Davis,iris.davis352@example.com,USA,Premium,2021,1
353,David,Moore,david.moore353@example.com,Brazil,Standard,2023,1
354,David,Smith,david.smith354@example.com,India,Premium,2021,1
355,Henry,Moore,henry.moore355@example.com,Japan,Premium,2022,1
356,Jack,Moore,jack.moore356@example.com,Australia,Premium,2022,1
357,Frank,Wilson,frank.wilson357@example.com,France,Standard,2021,0
358,Emma,Smith,emma.smith358@example.com,India,Premium,2022,1
359,Alice,Taylor,alice.taylor359@example.com,Germany,Basic,2022,1
360,Alice,Smith,alice.smith360@example.com,China,Premium,2022,1
361,Bob,Miller,bob.miller361@example.com,Japan,Premium,2021,1
362,Alice,Smith,alice.smith362@example.com,USA,Standard,2023,1
363,Jack,Brown,jack.brown363@example.com,Japan,Basic,2024,1
364,Jack,Davis,jack.davis364@example.com,Australia,Basic,2023,1
365,Bob,Wilson,bob.wilson365@example.com,Germany,Basic,2023,1
366,Carol,Anderson,carol.anderson366@example.com,Japan,Basic,2022,1
367,Grace,Williams,grace.williams367@example.com,Brazil,Basic,2023,1
368,Jack,Moore,jack.moore368@example.com,Brazil,Premium,2022,1
369,Alice,Taylor,alice.taylor369@example.com,China,Standard,2022,0
370,Alice,Miller,alice.miller370@example.com,Canada,Premium,2024,0
371,Grace,Moore,grace.moore371@example.com,Germany,Standard,2022,1
372,Bob,Moore,bob.moore372@example.com,Brazil,Standard,2021,1
373,David,Moore,david.moore373@example.com,Canada,Basic,2022,1
374,Emma,Taylor,emma.taylor374@example.com,India,Basic,2020,1
375,Iris,Brown,iris.brown375@example.com,Brazil,Standard,2022,1
376,Alice,Moore,alice.moore376@example.com,USA,Standard,2021,1
377,Grace,Wilson,grace.wilson377@example.com,Brazil,Premium,2021,1
378,Bob,Taylor,bob.taylor378@example.com,Australia,Premium,2022,1
379,Carol,Brown,carol.brown379@example.com,France,Premium,2021,1
380,Iris,Williams,iris.williams380@example.com,USA,Basic,2021,1
381,David,Taylor,david.taylor381@example.com,France,Standard,2022,1
382,Bob,Davis,bob.davis382@example.com,India,Standard,2022,1
383,David,Brown,david.brown383@example.com,France,Standard,2023,1
384,Emma,Anderson,emma.anderson384@example.com,Brazil,Basic,2020,1
385,Iris,Taylor,iris.taylor385@example.com,China,Basic,2024,1
386,Emma,Davis,emma.davis386@example.com,France,Basic,2020,1
387,Grace,Miller,grace.miller387@example.com,USA,Standard,2023,1
388,Emma,Miller,emma.miller388@example.com,UK,Basic,2023,1
389,Iris,Moore,iris.moore389@example.com,Germany,Standard,2021,1
390,Grace,Williams,grace.williams390@example.com,Brazil,Basic,2022,1
391,Emma,Davis,emma.davis391@example.com,Japan,Standard,2023,1
392,Bob,Williams,bob.williams392@example.com,China,Premium,2022,1
393,Alice,Anderson,alice.anderson393@example.com,Australia,Standard,2024,1
394,Alice,Smith,alice.smith394@example.com,Australia,Standard,2023,1
395,Alice,Johnson,alice.johnson395@example.com,Germany,Basic,2020,1
396,Frank,Wilson,frank.wilson396@example.com,USA,Premium,2023,1
397,Grace,Moore,grace.moore397@example.com,Brazil,Basic,2024,1
398,Emma,Johnson,emma.johnson398@example.com,Brazil,Basic,2020,1
399,Alice,Taylor,alice.taylor399@example.com,USA,Premium,2022,1
400,Jack,Brown,jack.brown400@example.com,Brazil,Standard,2024,1
401,Henry,Taylor,henry.taylor401@example.com,Japan,Basic,2024,1
402,Jack,Davis,jack.davis402@example.com,USA,Standard,2023,1
403,Alice,Johnson,alice.johnson403@example.com,China,Standard,2020,1
404,Bob,Taylor,bob.taylor404@example.com,UK,Premium,2020,1
405,Iris,Taylor,iris.taylor405@example.com,France,Premium,2022,1
406,Henry,Johnson,henry.johnson406@example.com,China,Standard,2024,1
407,Carol,Williams,carol.williams407@example.com,China,Basic,2020,1
408,Frank,Wilson,frank.wilson408@example.com,Germany,Standard,2020,1
409,Jack,Davis,jack.davis409@example.com,China,Basic,2024,0
410,Iris,Anderson,iris.anderson410@example.com,Canada,Basic,2024,1
411,Bob,Anderson,bob.anderson411@example.com,Germany,Standard,2024,1
412,Iris,Williams,iris.williams412@example.com,Canada,Basic,2022,1
413,Jack,Moore,jack.moore413@example.com,France,Standard,2023,1
414,Frank,Johnson,frank.johnson414@example.com,Australia,Premium,2023,1
415,Carol,Brown,carol.brown415@example.com,Japan,Standard,2020,0
416,Henry,Taylor,henry.taylor416@example.com,Canada,Basic,2021,1
417,Alice,Davis,alice.davis417@example.com,Germany,Basic,2023,1
418,Carol,Brown,carol.brown418@example.com,Japan,Basic,2022,1
419,Bob,Taylor,bob.taylor419@example.com,China,Premium,2023,1
420,Emma,Moore,emma.moore420@example.com,France,Basic,2024,1
421,Alice,Anderson,alice.anderson421@example.com,Australia,Premium,2024,1
422,David,Smith,david.smith422@example.com,Australia,Basic,2024,1
423,Henry,Taylor,henry.taylor423@example.com,China,Basic,2022,1
424,Iris,Davis,iris.davis424@example.com,Australia,Premium,2020,1
425,Emma,Miller,emma.miller425@example.com,Brazil,Standard,2024,1
426,Jack,Johnson,jack.johnson426@example.com,India,Standard,2024,1
427,Alice,Wilson,alice.wilson427@example.com,Japan,Standard,2023,1
428,Iris,Williams,iris.williams428@example.com,Australia,Basic,2023,1
429,Iris,Davis,iris.davis429@example.com,Brazil,Standard,2024,1
430,Frank,Taylor,frank.taylor430@example.com,USA,Premium,2021,1
431,Jack,Brown,jack.brown431@example.com,USA,Standard,2022,1
432,Henry,Williams,henry.williams432@example.com,France,Standard,2020,1
433,David,Davis,david.davis433@example.com,France,Premium,2022,1
434,David,Williams,david.williams434@example.com,Australia,Premium,2022,1
435,Iris,Williams,iris.williams435@example.com,India,Premium,2020,1
436,Alice,Williams,alice.williams436@example.com,Japan,Basic,2023,1
437,Jack,Davis,jack.davis437@example.com,USA,Basic,2022,1
438,Emma,Davis,emma.davis438@example.com,Brazil,Basic,2020,1
439,David,Anderson,david.anderson439@example.com,Canada,Premium,2022,1
440,David,Taylor,david.taylor440@example.com,UK,Premium,2020,1
441,Jack,Wilson,jack.wilson441@example.com,Japan,Basic,2021,1
442,Iris,Johnson,iris.johnson442@example.com,Canada,Standard,2024,1
443,Jack,Miller,jack.miller443@example.com,UK,Premium,2023,1
444,Iris,Miller,iris.miller444@example.com,France,Basic,2022,1
445,Alice,Miller,alice.miller445@example.com,France,Premium,2021,1
446,Frank,Davis,frank.davis446@example.com,Australia,Basic,2020,1
447,Emma,Smith,emma.smith447@example.com,Australia,Basic,2022,1
448,David,Brown,david.brown448@example.com,China,Basic,2020,1
449,Henry,Taylor,henry.taylor449@example.com,Japan,Standard,2024,1
450,Emma,Wilson,emma.wilson450@example.com,USA,Basic,2023,1
451,Frank,Moore,frank.moore451@example.com,India,Basic,2023,1
452,Bob,Smith,bob.smith452@example.com,UK,Standard,2021,1
453,Frank,Johnson,frank.johnson453@example.com,France,Premium,2024,1
454,Alice,Wilson,alice.wilson454@example.com,Japan,Premium,2024,1
455,Bob,Anderson,bob.anderson455@example.com,France,Standard,2020,1
456,Jack,Moore,jack.moore456@example.com,China,Basic,2024,1
457,Frank,Williams,frank.williams457@example.com,Japan,Premium,2023,1
458,Frank,Davis,frank.davis458@example.com,Japan,Premium,2022,1
459,Alice,Miller,alice.miller459@example.com,India,Premium,2023,1
460,Henry,Williams,henry.williams460@example.com,China,Standard,2024,1
461,Emma,Moore,emma.moore461@example.com,Germany,Standard,2022,1
462,Carol,Davis,carol.davis462@example.com,France,Premium,2023,1
463,Iris,Moore,iris.moore463@example.com,UK,Standard,2024,1
464,Alice,Johnson,alice.johnson464@example.com,Germany,Basic,2023,1
465,Bob,Johnson,bob.johnson465@example.com,Australia,Standard,2020,0
466,Jack,Williams,jack.williams466@example.com,France,Premium,2023,0
467,Jack,Smith,jack.smith467@example.com,France,Basic,2022,1
468,Henry,Smith,henry.smith468@example.com,USA,Standard,2023,1
469,Carol,Wilson,carol.wilson469@example.com,Germany,Premium,2021,1
470,Alice,Miller,alice.miller470@example.com,Australia,Standard,2021,1
471,Grace,Wilson,grace.wilson471@example.com,Brazil,Basic,2022,1
472,Henry,Smith,henry.smith472@example.com,France,Standard,2021,1
473,Frank,Smith,frank.smith473@example.com,UK,Basic,2021,1
474,Henry,Taylor,henry.taylor474@example.com,France,Standard,2021,0
475,Emma,Taylor,emma.taylor475@example.com,Germany,Basic,2020,1
476,Alice,Anderson,alice.anderson476@example.com,Canada,Premium,2023,1
477,Carol,Moore,carol.moore477@example.com,Australia,Premium,2020,1
478,Alice,Anderson,alice.anderson478@example.com,Canada,Basic,2022,0
479,Alice,Taylor,alice.taylor479@example.com,Australia,Basic,2024,1
480,Jack,Davis,jack.davis480@example.com,USA,Basic,2022,1
481,Frank,Williams,frank.williams481@example.com,China,Basic,2022,1
482,Iris,Williams,iris.williams482@example.com,Japan,Premium,2022,1
483,Bob,Anderson,bob.anderson483@example.com,Japan,Basic,2022,1
484,David,Smith,david.smith484@example.com,Brazil,Basic,2024,1
485,Bob,Williams,bob.williams485@example.com,UK,Standard,2024,1
486,Grace,Moore,grace.moore486@example.com,India,Basic,2021,1
487,Carol,Smith,carol.smith487@example.com,USA,Standard,2022,1
488,Jack,Anderson,jack.anderson488@example.com,Australia,Basic,2020,1
489,David,Miller,david.miller489@example.com,Canada,Basic,2024,1
490,David,Davis,david.davis490@example.com,Brazil,Standard,2021,1
491,Emma,Moore,emma.moore491@example.com,UK,Premium,2020,1
492,Iris,Moore,iris.moore492@example.com,Canada,Basic,2022,1
493,Frank,Johnson,frank.johnson493@example.com,UK,Premium,2024,1
494,Alice,Brown,alice.brown494@example.com,Canada,Basic,2021,0
495,Alice,Miller,alice.miller495@example.com,Australia,Basic,2023,1
496,Jack,Davis,jack.davis496@example.com,Brazil,Premium,2024,1
497,Frank,Smith,frank.smith497@example.com,Japan,Standard,2020,0
498,Iris,Davis,iris.davis498@example.com,Canada,Basic,2023,1
499,Bob,Johnson,bob.johnson499@example.com,UK,Premium,2024,1
500,Alice,Williams,alice.williams500@example.com,USA,Basic,2023,1
501,Grace,Taylor,grace.taylor501@example.com,Germany,Standard,2021,1
502,Grace,Brown,grace.brown502@example.com,Australia,Basic,2023,0
503,Alice,Taylor,alice.taylor503@example.com,Canada,Standard,2023,1
504,Bob,Moore,bob.moore504@example.com,Brazil,Standard,2021,1
505,Jack,Miller,jack.miller505@example.com,France,Premium,2021,0
506,Frank,Taylor,frank.taylor506@example.com,France,Basic,2023,0
507,Frank,Taylor,frank.taylor507@example.com,Australia,Basic,2023,1
508,Bob,Anderson,bob.anderson508@example.com,Canada,Basic,2024,1
509,Grace,Smith,grace.smith509@example.com,Germany,Standard,2021,1
510,Grace,Davis,grace.davis510@example.com,Australia,Premium,2023,1
511,David,Miller,david.miller511@example.com,France,Basic,2024,1
512,Emma,Davis,emma.davis512@example.com,Japan,Basic,2024,1
513,Henry,Wilson,henry.wilson513@example.com,UK,Standard,2023,1
514,Grace,Davis,grace.davis514@example.com,UK,Standard,2021,1
515,Carol,Williams,carol.williams515@example.com,India,Premium,2020,1
516,Frank,Wilson,frank.wilson516@example.com,China,Standard,2022,1
517,Alice,Johnson,alice.johnson517@example.com,Canada,Premium,2022,1
518,Grace,Wilson,grace.wilson518@example.com,China,Premium,2022,1
519,Jack,Davis,jack.davis519@example.com,India,Standard,2024,1
520,Iris,Brown,iris.brown520@example.com,China,Basic,2020,1
521,David,Moore,david.moore521@example.com,USA,Premium,2024,1
522,Iris,Moore,iris.moore522@example.com,China,Standard,2023,1
523,Henry,Williams,henry.williams523@example.com,Brazil,Standard,2024,1
524,Emma,Davis,emma.davis524@example.com,Germany,Standard,2020,1
525,Emma,Williams,emma.williams525@example.com,Brazil,Standard,2024,1
526,Carol,Davis,carol.davis526@example.com,Japan,Premium,2023,1
527,Grace,Smith,grace.smith527@example.com,Japan,Basic,2021,1
528,Grace,Williams,grace.williams528@example.com,Brazil,Standard,2022,1
529,Iris,Johnson,iris.johnson529@example.com,Brazil,Standard,2023,0
530,Jack,Smith,jack.smith530@example.com,China,Premium,2021,1
531,Bob,Davis,bob.davis531@example.com,Australia,Basic,2023,1
532,David,Williams,david.williams532@example.com,USA,Standard,2024,1
533,Grace,Davis,grace.davis533@example.com,Japan,Premium,2023,1
534,Frank,Miller,frank.miller534@example.com,France,Standard,2023,1
535,Carol,Davis,carol.davis535@example.com,UK,Basic,2021,1
536,Emma,Moore,emma.moore536@example.com,Canada,Premium,2023,1
537,Bob,Anderson,bob.anderson537@example.com,Australia,Basic,2024,1
538,Grace,Brown,grace.brown538@example.com,Germany,Standard,2021,1
539,Iris,Davis,iris.davis539@example.com,USA,Premium,2024,1
540,Alice,Moore,alice.moore540@example.com,UK,Basic,2021,1
541,Emma,Davis,emma.davis541@example.com,Australia,Basic,2023,1
542,Alice,Taylor,alice.taylor542@example.com,India,Standard,2021,1
543,Alice,Taylor,alice.taylor543@example.com,India,Premium,2022,1
544,Jack,Moore,jack.moore544@example.com,Japan,Premium,2023,1
545,Henry,Anderson,henry.anderson545@example.com,China,Premium,2020,1
546,Alice,Anderson,alice.anderson546@example.com,China,Basic,2020,1
547,Emma,Smith,emma.smith547@example.com,Canada,Premium,2022,1
548,Frank,Johnson,frank.johnson548@example.com,Australia,Standard,2024,1
549,Alice,Davis,alice.davis549@example.com,Brazil,Premium,2023,1
550,Carol,Moore,carol.moore550@example.com,Canada,Premium,2021,1
551,Emma,Davis,emma.davis551@example.com,UK,Basic,2020,1
552,Emma,Anderson,emma.anderson552@example.com,Japan,Premium,2024,1
553,Frank,Brown,frank.brown553@example.com,Germany,Premium,2023,1
554,Frank,Brown,frank.brown554@example.com,India,Premium,2023,1
555,Bob,Williams,bob.williams555@example.com,Canada,Standard,2023,1
556,Emma,Miller,emma.miller556@example.com,USA,Premium,2024,1
557,Frank,Anderson,frank.anderson557@example.com,China,Basic,2024,1
558,David,Davis,david.davis558@example.com,Australia,Standard,2021,1
559,Henry,Brown,henry.brown559@example.com,Germany,Basic,2021,0
560,Jack,Moore,jack.moore560@example.com,China,Premium,2023,0
561,Alice,Miller,alice.miller561@example.com,China,Premium,2024,1
562,Henry,Williams,henry.williams562@example.com,UK,Standard,2022,1
563,Jack,Moore,jack.moore563@example.com,China,Basic,2022,1
564,Grace,Moore,grace.moore564@example.com,France,Premium,2021,1
565,Frank,Anderson,frank.anderson565@example.com,Brazil,Standard,2022,1
566,Frank,Miller,frank.miller566@example.com,China,Basic,2021,1
567,Bob,Johnson,bob.johnson567@example.com,France,Premium,2021,0
568,Carol,Brown,carol.brown568@example.com,India,Basic,2023,1
569,Iris,Brown,iris.brown569@example.com,Japan,Standard,2020,0
570,Frank,Wilson,frank.wilson570@example.com,Germany,Premium,2021,1
571,Grace,Johnson,grace.johnson571@example.com,Canada,Premium,2024,1
572,Jack,Taylor,jack.taylor572@example.com,Canada,Standard,2021,1
573,Frank,Taylor,frank.taylor573@example.com,China,Basic,2022,1
574,Alice,Davis,alice.davis574@example.com,Germany,Standard,2021,1
575,Grace,Taylor,grace.taylor575@example.com,France,Premium,2021,1
576,Grace,Williams,grace.williams576@example.com,Australia,Premium,2023,1
577,Carol,Davis,carol.davis577@example.com,Japan,Premium,2020,1
578,David,Smith,david.smith578@example.com,Australia,Premium,2022,1
579,Carol,Brown,carol.brown579@example.com,UK,Standard,2022,1
580,Carol,Williams,carol.williams580@example.com,India,Standard,2022,1
581,David,Moore,david.moore581@example.com,USA,Premium,2021,1
582,David,Brown,david.brown582@example.com,Brazil,Basic,2020,1
583,Grace,Taylor,grace.taylor583@example.com,China,Basic,2023,1
584,Emma,Wilson,emma.wilson584@example.com,France,Standard,2021,1
585,Bob,Anderson,bob.anderson585@example.com,France,Premium,2020,1
586,David,Wilson,david.wilson586@example.com,China,Basic,2022,1
587,Iris,Taylor,iris.taylor587@example.com,France,Premium,2024,1
588,Iris,Davis,iris.davis588@example.com,France,Standard,2020,0
589,David,Wilson,david.wilson589@example.com,Brazil,Premium,2021,1
590,David,Johnson,david.johnson590@example.com,UK,Standard,2020,0
591,Iris,Brown,iris.brown591@example.com,Germany,Premium,2020,1
592,Carol,Miller,carol.miller592@example.com,Brazil,Standard,2024,1
593,Grace,Moore,grace.moore593@example.com,USA,Basic,2021,1
594,Iris,Moore,iris.moore594@example.com,India,Standard,2023,1
595,Frank,Moore,frank.moore595@example.com,China,Standard,2023,1
596,Frank,Brown,frank.brown596@example.com,Brazil,Standard,2023,1
597,Bob,Davis,bob.davis597@example.com,India,Standard,2022,1
598,Carol,Miller,carol.miller598@example.com,China,Basic,2020,1
599,Carol,Brown,carol.brown599@example.com,UK,Premium,2022,1
600,David,Johnson,david.johnson600@example.com,Canada,Basic,2021,0
601,Henry,Johnson,henry.johnson601@example.com,India,Premium,2021,1
602,Alice,Smith,alice.smith602@example.com,Canada,Premium,2024,1
603,Carol,Miller,carol.miller603@example.com,USA,Standard,2024,1
604,Grace,Smith,grace.smith604@example.com,UK,Premium,2024,1
605,Carol,Brown,carol.brown605@example.com,Japan,Premium,2021,1
606,David,Smith,david.smith606@example.com,Japan,Standard,2023,1
607,Henry,Wilson,henry.wilson607@example.com,Brazil,Standard,2021,1
608,Grace,Miller,grace.miller608@example.com,USA,Standard,2021,1
609,Alice,Davis,alice.davis609@example.com,China,Premium,2021,1
610,Bob,Moore,bob.moore610@example.com,Germany,Basic,2024,1
611,Grace,Moore,grace.moore611@example.com,Germany,Premium,2020,1
612,Carol,Johnson,carol.johnson612@example.com,Japan,Standard,2021,1
613,Iris,Williams,iris.williams613@example.com,Australia,Basic,2022,1
614,Jack,Davis,jack.davis614@example.com,France,Standard,2022,1
615,Grace,Smith,grace.smith615@example.com,China,Basic,2024,1
616,Emma,Williams,emma.williams616@example.com,USA,Premium,2022,1
617,Iris,Smith,iris.smith617@example.com,Canada,Standard,2022,0
618,Carol,Smith,carol.smith618@example.com,Australia,Premium,2021,1
619,Emma,Moore,emma.moore619@example.com,Germany,Basic,2022,0
620,Iris,Anderson,iris.anderson620@example.com,Japan,Standard,2020,1
621,Grace,Johnson,grace.johnson621@example.com,Brazil,Premium,2024,1
622,Henry,Smith,henry.smith622@example.com,UK,Basic,2022,1
623,Grace,Wilson,grace.wilson623@example.com,China,Basic,2022,1
624,Henry,Anderson,henry.anderson624@example.com,Australia,Premium,2020,1
625,David,Taylor,david.taylor625@example.com,Australia,Premium,2024,1
626,Jack,Miller,jack.miller626@example.com,Canada,Standard,2024,1
627,Iris,Johnson,iris.johnson627@example.com,Germany,Premium,2021,1
628,Alice,Williams,alice.williams628@example.com,India,Premium,2023,1
629,Jack,Wilson,jack.wilson629@example.com,Australia,Premium,2024,1
630,Bob,Davis,bob.davis630@example.com,France,Premium,2021,1
631,Alice,Smith,alice.smith631@example.com,Brazil,Standard,2024,1
632,David,Miller,david.miller632@example.com,Brazil,Standard,2023,1
633,Grace,Anderson,grace.anderson633@example.com,France,Premium,2021,1
634,Iris,Moore,iris.moore634@example.com,India,Basic,2021,1
635,Henry,Miller,henry.miller635@example.com,France,Standard,2022,1
636,Grace,Miller,grace.miller636@example.com,Australia,Premium,2020,1
637,David,Taylor,david.taylor637@example.com,Germany,Standard,2022,1
638,Iris,Moore,iris.moore638@example.com,Brazil,Premium,2024,1
639,Emma,Taylor,emma.taylor639@example.com,Japan,Basic,2021,0
640,Henry,Davis,henry.davis640@example.com,Australia,Premium,2023,1
641,Carol,Taylor,carol.taylor641@example.com,Germany,Standard,2022,1
642,Alice,Taylor,alice.taylor642@example.com,France,Basic,2020,1
643,Frank,Miller,frank.miller643@example.com,France,Premium,2021,1
644,Emma,Johnson,emma.johnson644@example.com,Canada,Basic,2022,1
645,Henry,Davis,henry.davis645@example.com,Australia,Standard,2022,0
646,Iris,Moore,iris.moore646@example.com,UK,Standard,2024,1
647,Jack,Davis,jack.davis647@example.com,Brazil,Premium,2021,1
648,Alice,Miller,alice.miller648@example.com,Canada,Premium,2023,1
649,Iris,Miller,iris.miller649@example.com,USA,Premium,2022,1
650,David,Moore,david.moore650@example.com,France,Premium,2021,1
651,Bob,Anderson,bob.anderson651@example.com,UK,Premium,2024,1
652,Bob,Wilson,bob.wilson652@example.com,UK,Premium,2023,1
653,Frank,Williams,frank.williams653@example.com,Canada,Standard,2021,1
654,Alice,Brown,alice.brown654@example.com,Brazil,Basic,2021,0
655,Henry,Moore,henry.moore655@example.com,France,Premium,2023,1
656,David,Anderson,david.anderson656@example.com,India,Premium,2021,1
657,David,Brown,david.brown657@example.com,India,Basic,2021,0
658,Henry,Johnson,henry.johnson658@example.com,Japan,Basic,2022,1
659,Bob,Moore,bob.moore659@example.com,USA,Premium,2022,1
660,Frank,Moore,frank.moore660@example.com,Japan,Premium,2021,1
661,Emma,Moore,emma.moore661@example.com,Japan,Basic,2020,1
662,Bob,Williams,bob.williams662@example.com,China,Basic,2023,1
663,Bob,Johnson,bob.johnson663@example.com,UK,Premium,2022,1
664,Grace,Davis,grace.davis664@example.com,Japan,Premium,2024,1
665,Emma,Taylor,emma.taylor665@example.com,Canada,Basic,2020,1
666,Grace,Smith,grace.smith666@example.com,Australia,Standard,2020,1
667,Emma,Williams,emma.williams667@example.com,China,Basic,2022,1
668,Frank,Taylor,frank.taylor668@example.com,Canada,Basic,2020,1
669,Grace,Miller,grace.miller669@example.com,Japan,Premium,2024,1
670,Alice,Anderson,alice.anderson670@example.com,Germany,Standard,2021,0
671,Alice,Smith,alice.smith671@example.com,UK,Basic,2022,1
672,Grace,Brown,grace.brown672@example.com,Brazil,Basic,2020,0
673,Bob,Taylor,bob.taylor673@example.com,France,Basic,2022,1
674,Grace,Brown,grace.brown674@example.com,China,Basic,2021,1
675,Jack,Davis,jack.davis675@example.com,France,Premium,2022,1
676,Emma,Miller,emma.miller676@example.com,China,Premium,2024,1
677,Iris,Anderson,iris.anderson677@example.com,Australia,Standard,2024,1
678,Henry,Smith,henry.smith678@example.com,Australia,Standard,2021,0
679,Frank,Miller,frank.miller679@example.com,China,Basic,2024,0
680,Henry,Williams,henry.williams680@example.com,Brazil,Basic,2024,1
681,Henry,Johnson,henry.johnson681@example.com,Canada,Premium,2020,1
682,Bob,Williams,bob.williams682@example.com,UK,Basic,2021,1
683,Iris,Smith,iris.smith683@example.com,Canada,Basic,2023,1
684,David,Davis,david.davis684@example.com,China,Standard,2020,1
685,Emma,Taylor,emma.taylor685@example.com,India,Basic,2020,1
686,Bob,Wilson,bob.wilson686@example.com,USA,Basic,2021,1
687,Frank,Wilson,frank.wilson687@example.com,France,Premium,2021,1
688,Carol,Taylor,carol.taylor688@example.com,China,Premium,2024,1
689,Emma,Johnson,emma.johnson689@example.com,France,Standard,2021,1
690,Grace,Brown,grace.brown690@example.com,UK,Premium,2023,0
691,Henry,Miller,henry.miller691@example.com,Germany,Basic,2021,1
692,Grace,Wilson,grace.wilson692@example.com,Germany,Standard,2023,1
693,Frank,Johnson,frank.johnson693@example.com,Germany,Premium,2020,1
694,Iris,Brown,iris.brown694@example.com,Canada,Basic,2022,1
695,Emma,Williams,emma.williams695@example.com,India,Premium,2022,1
696,Henry,Moore,henry.moore696@example.com,Australia,Standard,2023,1
697,Iris,Brown,iris.brown697@example.com,Japan,Standard,2024,1
698,Bob,Moore,bob.moore698@example.com,Japan,Basic,2021,1
699,Iris,Williams,iris.williams699@example.com,Germany,Premium,2021,1
700,Henry,Brown,henry.brown700@example.com,USA,Premium,2024,1
701,Grace,Smith,grace.smith701@example.com,USA,Premium,2023,1
702,Iris,Brown,iris.brown702@example.com,Australia,Standard,2020,1
703,Henry,Johnson,henry.johnson703@example.com,Japan,Basic,2024,1
704,Bob,Johnson,bob.johnson704@example.com,Canada,Standard,2020,1
705,Grace,Smith,grace.smith705@example.com,Australia,Premium,2021,1
706,Iris,Taylor,iris.taylor706@example.com,China,Premium,2022,1
707,Henry,Moore,henry.moore707@example.com,Canada,Basic,2021,1
708,Henry,Williams,henry.williams708@example.com,Japan,Premium,2024,1
709,Iris,Williams,iris.williams709@example.com,Brazil,Premium,2020,1
710,Bob,Miller,bob.miller710@example.com,China,Premium,2022,1
711,David,Miller,david.miller711@example.com,UK,Standard,2022,1
712,Alice,Smith,alice.smith712@example.com,Canada,Premium,2024,1
713,Carol,Davis,carol.davis713@example.com,Germany,Standard,2024,1
714,Alice,Davis,alice.davis714@example.com,Canada,Premium,2022,1
715,Bob,Anderson,bob.anderson715@example.com,India,Standard,2021,1
716,Alice,Moore,alice.moore716@example.com,Germany,Standard,2022,1
717,Frank,Williams,frank.williams717@example.com,India,Basic,2022,1
718,Grace,Smith,grace.smith718@example.com,UK,Basic,2020,1
719,David,Taylor,david.taylor719@example.com,France,Standard,2023,1
720,Iris,Wilson,iris.wilson720@example.com,Brazil,Basic,2024,1
721,Iris,Miller,iris.miller721@example.com,Japan,Standard,2023,1
722,David,Miller,david.miller722@example.com,Canada,Premium,2023,1
723,Carol,Moore,carol.moore723@example.com,Australia,Basic,2021,1
724,Grace,Brown,grace.brown724@example.com,Japan,Premium,2021,1
725,Bob,Taylor,bob.taylor725@example.com,Canada,Basic,2023,1
726,Emma,Anderson,emma.anderson726@example.com,USA,Premium,2023,1
727,Emma,Anderson,emma.anderson727@example.com,USA,Standard,2021,1
728,Alice,Anderson,alice.anderson728@example.com,Germany,Premium,2022,1
729,Alice,Wilson,alice.wilson729@example.com,Brazil,Basic,2022,0
730,Carol,Smith,carol.smith730@example.com,France,Premium,2024,1
731,Bob,Moore,bob.moore731@example.com,China,Standard,2023,0
732,Bob,Johnson,bob.johnson732@example.com,Canada,Standard,2024,1
733,Bob,Johnson,bob.johnson733@example.com,India,Standard,2023,1
734,Henry,Anderson,henry.anderson734@example.com,China,Premium,2023,1
735,Emma,Moore,emma.moore735@example.com,France,Basic,2022,0
736,Grace,Wilson,grace.wilson736@example.com,Brazil,Basic,2024,0
737,Henry,Smith,henry.smith737@example.com,Australia,Basic,2022,1
738,Grace,Davis,grace.davis738@example.com,Canada,Basic,2024,1
739,Frank,Taylor,frank.taylor739@example.com,Japan,Premium,2024,1
740,David,Miller,david.miller740@example.com,Australia,Basic,2021,0
741,Bob,Miller,bob.miller741@example.com,France,Standard,2023,1
742,David,Taylor,david.taylor742@example.com,Canada,Premium,2021,1
743,Iris,Johnson,iris.johnson743@example.com,China,Premium,2020,1
744,Bob,Johnson,bob.johnson744@example.com,Australia,Standard,2024,1
745,Bob,Davis,bob.davis745@example.com,Australia,Premium,2024,0
746,Iris,Taylor,iris.taylor746@example.com,India,Standard,2024,1
747,David,Williams,david.williams747@example.com,UK,Premium,2021,0
748,Iris,Davis,iris.davis748@example.com,UK,Standard,2023,0
749,Henry,Miller,henry.miller749@example.com,USA,Premium,2021,1
750,Grace,Johnson,grace.johnson750@example.com,USA,Premium,2021,1
751,Carol,Smith,carol.smith751@example.com,Canada,Premium,2022,1
752,Alice,Miller,alice.miller752@example.com,Brazil,Premium,2022,1
753,Carol,Johnson,carol.johnson753@example.com,Canada,Premium,2022,1
754,Alice,Miller,alice.miller754@example.com,Canada,Basic,2023,1
755,Carol,Johnson,carol.johnson755@example.com,UK,Standard,2024,1
756,Grace,Smith,grace.smith756@example.com,Japan,Premium,2024,1
757,David,Brown,david.brown757@example.com,UK,Premium,2021,1
758,Jack,Moore,jack.moore758@example.com,France,Standard,2020,1
759,Grace,Johnson,grace.johnson759@example.com,USA,Standard,2020,1
760,Emma,Davis,emma.davis760@example.com,France,Premium,2020,1
761,Iris,Moore,iris.moore761@example.com,Australia,Basic,2020,1
762,David,Wilson,david.wilson762@example.com,France,Standard,2024,1
763,Carol,Taylor,carol.taylor763@example.com,USA,Premium,2022,1
764,Jack,Davis,jack.davis764@example.com,China,Basic,2023,1
765,Carol,Smith,carol.smith765@example.com,France,Premium,2021,1
766,Frank,Wilson,frank.wilson766@example.com,India,Standard,2021,1
767,Carol,Miller,carol.miller767@example.com,China,Basic,2022,1
768,Jack,Taylor,jack.taylor768@example.com,Brazil,Basic,2022,1
769,Frank,Davis,frank.davis769@example.com,UK,Premium,2021,1
770,Jack,Moore,jack.moore770@example.com,Canada,Basic,2023,1
771,Carol,Smith,carol.smith771@example.com,India,Basic,2020,1
772,Grace,Miller,grace.miller772@example.com,China,Standard,2021,1
773,Jack,Johnson,jack.johnson773@example.com,UK,Premium,2024,1
774,Carol,Williams,carol.williams774@example.com,France,Standard,2024,1
775,David,Miller,david.miller775@example.com,UK,Basic,2023,1
776,Carol,Wilson,carol.wilson776@example.com,Japan,Basic,2024,1
777,Iris,Wilson,iris.wilson777@example.com,China,Basic,2022,0
778,Grace,Johnson,grace.johnson778@example.com,Japan,Basic,2023,1
779,Henry,Moore,henry.moore779@example.com,Japan,Premium,2023,1
780,Carol,Moore,carol.moore780@example.com,USA,Premium,2020,1
781,Frank,Taylor,frank.taylor781@example.com,France,Basic,2020,0
782,Alice,Miller,alice.miller782@example.com,France,Standard,2023,1
783,Grace,Smith,grace.smith783@example.com,USA,Standard,2024,1
784,David,Williams,david.williams784@example.com,Canada,Basic,2024,1
785,Henry,Taylor,henry.taylor785@example.com,Japan,Standard,2020,0
786,Grace,Davis,grace.davis786@example.com,India,Standard,2024,1
787,Alice,Moore,alice.moore787@example.com,Brazil,Standard,2024,1
788,Iris,Anderson,iris.anderson788@example.com,Canada,Standard,2020,1
789,Henry,Johnson,henry.johnson789@example.com,Brazil,Standard,2022,1
790,Bob,Smith,bob.smith790@example.com,UK,Premium,2023,1
791,Jack,Johnson,jack.johnson791@example.com,Brazil,Standard,2020,1
792,Carol,Johnson,carol.johnson792@example.com,Germany,Premium,2024,1
793,Bob,Smith,bob.smith793@example.com,UK,Premium,2020,1
794,Carol,Taylor,carol.taylor794@example.com,Canada,Standard,2022,1
795,Bob,Davis,bob.davis795@example.com,Australia,Basic,2022,1
796,Bob,Miller,bob.miller796@example.com,Canada,Standard,2023,1
797,Grace,Johnson,grace.johnson797@example.com,USA,Premium,2022,1
798,Frank,Johnson,frank.johnson798@example.com,Canada,Basic,2022,1
799,Carol,Davis,carol.davis799@example.com,China,Basic,2023,1
800,Grace,Moore,grace.moore800@example.com,China,Standard,2022,1
801,Jack,Johnson,jack.johnson801@example.com,Germany,Basic,2022,1
802,Grace,Anderson,grace.anderson802@example.com,Canada,Standard,2024,1
803,Jack,Brown,jack.brown803@example.com,Japan,Basic,2023,1
804,Alice,Brown,alice.brown804@example.com,France,Basic,2021,1
805,Alice,Anderson,alice.anderson805@example.com,Germany,Standard,2022,1
806,Bob,Smith,bob.smith806@example.com,Brazil,Standard,2021,1
807,Iris,Taylor,iris.taylor807@example.com,Germany,Premium,2022,1
808,Bob,Wilson,bob.wilson808@example.com,France,Premium,2022,1
809,Bob,Anderson,bob.anderson809@example.com,Japan,Standard,2022,1
810,Grace,Miller,grace.miller810@example.com,France,Premium,2022,1
811,Alice,Johnson,alice.johnson811@example.com,Brazil,Basic,2023,1
812,Bob,Moore,bob.moore812@example.com,USA,Standard,2022,1
813,Frank,Brown,frank.brown813@example.com,Japan,Standard,2024,1
814,Grace,Wilson,grace.wilson814@example.com,China,Premium,2020,1
815,Frank,Taylor,frank.taylor815@example.com,Australia,Standard,2024,1
816,Frank,Brown,frank.brown816@example.com,France,Basic,2024,1
817,Frank,Williams,frank.williams817@example.com,USA,Standard,2022,1
818,Carol,Miller,carol.miller818@example.com,India,Basic,2023,1
819,Grace,Moore,grace.moore819@example.com,USA,Premium,2024,1
820,Jack,Miller,jack.miller820@example.com,France,Basic,2020,0
821,Grace,Taylor,grace.taylor821@example.com,Brazil,Standard,2022,0
822,Grace,Williams,grace.williams822@example.com,Australia,Premium,2023,0
823,Bob,Johnson,bob.johnson823@example.com,Canada,Basic,2021,1
824,Emma,Davis,emma.davis824@example.com,China,Basic,2023,1
825,Grace,Williams,grace.williams825@example.com,China,Basic,2022,1
826,Bob,Miller,bob.miller826@example.com,France,Standard,2022,1
827,Bob,Moore,bob.moore827@example.com,USA,Premium,2020,1
828,Bob,Davis,bob.davis828@example.com,Australia,Standard,2021,1
829,Grace,Wilson,grace.wilson829@example.com,Australia,Premium,2024,1
830,Henry,Smith,henry.smith830@example.com,Japan,Basic,2020,1
831,Emma,Williams,emma.williams831@example.com,India,Basic,2024,1
832,Alice,Davis,alice.davis832@example.com,UK,Premium,2023,1
833,Alice,Williams,alice.williams833@example.com,Brazil,Standard,2024,1
834,Grace,Taylor,grace.taylor834@example.com,Japan,Standard,2024,0
835,Bob,Williams,bob.williams835@example.com,Japan,Basic,2022,1
836,Carol,Williams,carol.williams836@example.com,France,Basic,2021,1
837,Henry,Wilson,henry.wilson837@example.com,France,Premium,2022,1
838,Grace,Moore,grace.moore838@example.com,India,Basic,2020,1
839,Jack,Taylor,jack.taylor839@example.com,Canada,Premium,2023,1
840,Frank,Moore,frank.moore840@example.com,Australia,Standard,2021,1
841,Frank,Wilson,frank.wilson841@example.com,Australia,Premium,2022,1
842,Grace,Johnson,grace.johnson842@example.com,Canada,Basic,2022,1
843,Henry,Johnson,henry.johnson843@example.com,UK,Premium,2021,1
844,David,Brown,david.brown844@example.com,France,Premium,2020,1
845,Grace,Anderson,grace.anderson845@example.com,China,Premium,2024,0
846,Carol,Moore,carol.moore846@example.com,UK,Basic,2021,1
847,Iris,Taylor,iris.taylor847@example.com,Germany,Basic,2023,1
848,Emma,Williams,emma.williams848@example.com,Canada,Premium,2021,1
849,Carol,Johnson,carol.johnson849@example.com,France,Basic,2023,1
850,Alice,Anderson,alice.anderson850@example.com,Germany,Basic,2022,1
851,Carol,Miller,carol.miller851@example.com,India,Basic,2024,1
852,Jack,Wilson,jack.wilson852@example.com,Germany,Basic,2020,1
853,Grace,Moore,grace.moore853@example.com,Australia,Basic,2020,1
854,Iris,Williams,iris.williams854@example.com,Brazil,Basic,2024,1
855,Alice,Brown,alice.brown855@example.com,China,Basic,2024,1
856,Henry,Smith,henry.smith856@example.com,France,Basic,2021,1
857,Emma,Smith,emma.smith857@example.com,India,Standard,2022,1
858,Jack,Williams,jack.williams858@example.com,UK,Premium,2020,1
859,David,Williams,david.williams859@example.com,India,Basic,2023,1
860,Emma,Smith,emma.smith860@example.com,Japan,Basic,2023,1
861,Bob,Davis,bob.davis861@example.com,France,Premium,2024,1
862,Carol,Smith,carol.smith862@example.com,Germany,Premium,2024,1
863,Bob,Taylor,bob.taylor863@example.com,USA,Standard,2022,1
864,Carol,Miller,carol.miller864@example.com,China,Premium,2022,1
865,David,Smith,david.smith865@example.com,Japan,Premium,2023,0
866,Frank,Davis,frank.davis866@example.com,Germany,Premium,2020,1
867,Alice,Davis,alice.davis867@example.com,Japan,Basic,2023,1
868,Alice,Moore,alice.moore868@example.com,France,Premium,2022,1
869,Bob,Williams,bob.williams869@example.com,Germany,Premium,2020,0
870,Carol,Johnson,carol.johnson870@example.com,UK,Standard,2024,1
871,Henry,Williams,henry.williams871@example.com,China,Basic,2021,1
872,Bob,Smith,bob.smith872@example.com,Germany,Standard,2024,1
873,Henry,Moore,henry.moore873@example.com,France,Standard,2021,1
874,David,Williams,david.williams874@example.com,USA,Standard,2021,1
875,Frank,Johnson,frank.johnson875@example.com,Brazil,Basic,2021,1
876,Grace,Moore,grace.moore876@example.com,Canada,Standard,2022,1
877,Alice,Anderson,alice.anderson877@example.com,UK,Premium,2022,1
878,Grace,Johnson,grace.johnson878@example.com,Australia,Standard,2020,1
879,David,Williams,david.williams879@example.com,USA,Premium,2024,1
880,Henry,Brown,henry.brown880@example.com,UK,Premium,2024,1
881,Bob,Johnson,bob.johnson881@example.com,France,Standard,2020,1
882,David,Smith,david.smith882@example.com,India,Basic,2020,1
883,Henry,Smith,henry.smith883@example.com,China,Premium,2020,1
884,Frank,Davis,frank.davis884@example.com,Japan,Basic,2022,1
885,Carol,Brown,carol.brown885@example.com,Australia,Standard,2020,0
886,Carol,Miller,carol.miller886@example.com,China,Basic,2024,1
887,Henry,Brown,henry.brown887@example.com,Japan,Premium,2020,1
888,Bob,Johnson,bob.johnson888@example.com,India,Basic,2022,1
889,Iris,Brown,iris.brown889@example.com,UK,Basic,2020,1
890,Frank,Anderson,frank.anderson890@example.com,Brazil,Standard,2021,1
891,Emma,Williams,emma.williams891@example.com,India,Standard,2024,1
892,David,Davis,david.davis892@example.com,Australia,Premium,2022,1
893,Henry,Williams,henry.williams893@example.com,China,Basic,2021,1
894,Emma,Miller,emma.miller894@example.com,Australia,Basic,2020,1
895,Iris,Taylor,iris.taylor895@example.com,UK,Standard,2024,1
896,Bob,Anderson,bob.anderson896@example.com,India,Premium,2020,1
897,Henry,Taylor,henry.taylor897@example.com,Brazil,Basic,2023,1
898,Carol,Davis,carol.davis898@example.com,UK,Basic,2022,1
899,Emma,Moore,emma.moore899@example.com,Canada,Standard,2022,1
900,Jack,Davis,jack.davis900@example.com,Japan,Premium,2023,1
901,Grace,Smith,grace.smith901@example.com,China,Premium,2022,1
902,David,Smith,david.smith902@example.com,China,Standard,2022,1
903,Alice,Smith,alice.smith903@example.com,Canada,Premium,2021,1
904,Bob,Anderson,bob.anderson904@example.com,Australia,Standard,2022,1
905,Jack,Wilson,jack.wilson905@example.com,Germany,Standard,2020,1
906,Henry,Anderson,henry.anderson906@example.com,Australia,Premium,2020,1
907,Alice,Taylor,alice.taylor907@example.com,Brazil,Standard,2023,1
908,Jack,Miller,jack.miller908@example.com,Australia,Basic,2022,1
909,Alice,Davis,alice.davis909@example.com,Australia,Premium,2024,1
910,Bob,Williams,bob.williams910@example.com,France,Basic,2021,1
911,Emma,Davis,emma.davis911@example.com,Germany,Premium,2023,1
912,Carol,Brown,carol.brown912@example.com,France,Standard,2023,1
913,Bob,Taylor,bob.taylor913@example.com,India,Standard,2024,0
914,David,Moore,david.moore914@example.com,USA,Premium,2021,1
915,Emma,Davis,emma.davis915@example.com,France,Basic,2020,1
916,Carol,Anderson,carol.anderson916@example.com,Canada,Premium,2024,1
917,Grace,Taylor,grace.taylor917@example.com,Germany,Basic,2024,1
918,Henry,Davis,henry.davis918@example.com,Germany,Basic,2023,1
919,Iris,Smith,iris.smith919@example.com,Brazil,Basic,2022,1
920,Henry,Miller,henry.miller920@example.com,UK,Premium,2023,1
921,Emma,Taylor,emma.taylor921@example.com,UK,Premium,2020,1
922,Grace,Davis,grace.davis922@example.com,UK,Premium,2023,1
923,Carol,Anderson,carol.anderson923@example.com,France,Standard,2022,1
924,Grace,Williams,grace.williams924@example.com,UK,Basic,2022,1
925,Jack,Taylor,jack.taylor925@example.com,Canada,Premium,2024,0
926,Frank,Moore,frank.moore926@example.com,UK,Premium,2021,1
927,Henry,Davis,henry.davis927@example.com,Australia,Basic,2022,1
928,Carol,Williams,carol.williams928@example.com,France,Standard,2020,1
929,Iris,Davis,iris.davis929@example.com,India,Standard,2022,0
930,Alice,Moore,alice.moore930@example.com,Australia,Standard,2024,1
931,Carol,Wilson,carol.wilson931@example.com,UK,Standard,2023,1
932,Bob,Davis,bob.davis932@example.com,Australia,Standard,2022,1
933,Alice,Miller,alice.miller933@example.com,Brazil,Standard,2022,1
934,Carol,Johnson,carol.johnson934@example.com,UK,Basic,2021,1
935,Bob,Smith,bob.smith935@example.com,Canada,Standard,2022,1
936,Iris,Johnson,iris.johnson936@example.com,Australia,Standard,2023,0
937,Frank,Brown,frank.brown937@example.com,Canada,Standard,2024,1
938,Grace,Anderson,grace.anderson938@example.com,Germany,Premium,2021,1
939,Jack,Johnson,jack.johnson939@example.com,Brazil,Basic,2022,1
940,Emma,Miller,emma.miller940@example.com,China,Standard,2023,1
941,Carol,Wilson,carol.wilson941@example.com,Canada,Basic,2024,1
942,Grace,Taylor,grace.taylor942@example.com,USA,Premium,2021,1
943,David,Smith,david.smith943@example.com,India,Standard,2023,1
944,Carol,Williams,carol.williams944@example.com,Brazil,Premium,2022,1
945,Jack,Williams,jack.williams945@example.com,France,Standard,2024,1
946,Jack,Williams,jack.williams946@example.com,Japan,Standard,2020,1
947,Iris,Anderson,iris.anderson947@example.com,Japan,Basic,2021,1
948,Frank,Anderson,frank.anderson948@example.com,Australia,Premium,2020,1
949,Henry,Davis,henry.davis949@example.com,USA,Standard,2020,0
950,Jack,Taylor,jack.taylor950@example.com,Brazil,Standard,2020,1
951,Grace,Williams,grace.williams951@example.com,UK,Premium,2020,1
952,Iris,Taylor,iris.taylor952@example.com,China,Standard,2021,1
953,David,Miller,david.miller953@example.com,Australia,Basic,2022,1
954,David,Davis,david.davis954@example.com,China,Standard,2024,1
955,David,Brown,david.brown955@example.com,Japan,Basic,2022,1
956,Bob,Wilson,bob.wilson956@example.com,China,Standard,2023,1
957,Frank,Williams,frank.williams957@example.com,China,Premium,2023,1
958,Henry,Davis,henry.davis958@example.com,UK,Standard,2020,1
959,Jack,Brown,jack.brown959@example.com,USA,Premium,2023,1
960,Frank,Williams,frank.williams960@example.com,USA,Standard,2022,1
961,Frank,Johnson,frank.johnson961@example.com,France,Premium,2023,1
962,Iris,Taylor,iris.taylor962@example.com,USA,Premium,2022,1
963,Henry,Anderson,henry.anderson963@example.com,Australia,Premium,2022,0
964,Jack,Johnson,jack.johnson964@example.com,UK,Basic,2021,1
965,Bob,Wilson,bob.wilson965@example.com,China,Standard,2022,0
966,Frank,Brown,frank.brown966@example.com,USA,Standard,2024,1
967,Emma,Wilson,emma.wilson967@example.com,Canada,Standard,2022,0
968,Emma,Moore,emma.moore968@example.com,Canada,Premium,2023,1
969,Iris,Johnson,iris.johnson969@example.com,Germany,Standard,2021,1
970,Henry,Anderson,henry.anderson970@example.com,India,Basic,2020,1
971,David,Smith,david.smith971@example.com,Japan,Standard,2024,1
972,Carol,Smith,carol.smith972@example.com,Brazil,Premium,2024,1
973,Frank,Brown,frank.brown973@example.com,Brazil,Standard,2022,1
974,Carol,Wilson,carol.wilson974@example.com,USA,Basic,2024,0
975,Henry,Johnson,henry.johnson975@example.com,India,Standard,2020,1
976,Henry,Miller,henry.miller976@example.com,UK,Basic,2022,1
977,Grace,Moore,grace.moore977@example.com,UK,Basic,2023,1
978,Emma,Davis,emma.davis978@example.com,USA,Premium,2022,1
979,Grace,Miller,grace.miller979@example.com,UK,Basic,2021,1
980,Emma,Miller,emma.miller980@example.com,Australia,Premium,2020,1
981,Jack,Smith,jack.smith981@example.com,Japan,Premium,2021,0
982,Henry,Brown,henry.brown982@example.com,Germany,Standard,2021,1
983,Bob,Anderson,bob.anderson983@example.com,UK,Standard,2022,1
984,Alice,Taylor,alice.taylor984@example.com,Germany,Premium,2022,1
985,Iris,Smith,iris.smith985@example.com,India,Basic,2022,1
986,David,Williams,david.williams986@example.com,USA,Standard,2022,1
987,Emma,Moore,emma.moore987@example.com,USA,Basic,2022,1
988,Henry,Davis,henry.davis988@example.com,USA,Standard,2021,1
989,Alice,Johnson,alice.johnson989@example.com,Brazil,Basic,2020,1
990,Alice,Anderson,alice.anderson990@example.com,Germany,Premium,2022,0
991,Henry,Smith,henry.smith991@example.com,Japan,Standard,2021,0
992,Henry,Miller,henry.miller992@example.com,India,Premium,2022,1
993,Alice,Johnson,alice.johnson993@example.com,Australia,Premium,2020,1
994,David,Taylor,david.taylor994@example.com,Australia,Standard,2022,1
995,Henry,Taylor,henry.taylor995@example.com,UK,Basic,2023,0
996,Henry,Moore,henry.moore996@example.com,Canada,Premium,2020,1
997,Frank,Smith,frank.smith997@example.com,France,Standard,2022,1
998,Grace,Williams,grace.williams998@example.com,Japan,Standard,2020,1
999,Carol,Davis,carol.davis999@example.com,China,Standard,2020,1
1000,Emma,Wilson,emma.wilson1000@example.com,Japan,Premium,2021,1